Model,Target,RMSE,R2
Linear Regression,ExamScore,17.883208770679293,-0.004419989764931742
Linear Regression,FinalGrade,1.1354750082257026,-0.004190026701076377
Random Forest,ExamScore,6.772220843396316,0.8559588173837236
Random Forest,FinalGrade,0.44026703136566225,0.8490291588910484
