target,R2,RMSE
ExamScore,0.7922335267066956,8.018327699811383
FinalGrade,0.7774018049240112,0.5275569908488038
